2136779	['UNKNOWN__root', 'UNKNOWN__other_sequences', 'UNKNOWN__artificial_sequences', 'UNKNOWN__vectors', 's__Expression_vector_pCPC78']
2136751	['UNKNOWN__root', 'UNKNOWN__other_sequences', 'UNKNOWN__artificial_sequences', 'UNKNOWN__vectors', 's__Expression_vector_pCPC155']
41869	['UNKNOWN__root', 'UNKNOWN__other_sequences', 'UNKNOWN__artificial_sequences', 'UNKNOWN__vectors', 's__Cloning_vector_pAS2']
1452359	['UNKNOWN__root', 'UNKNOWN__other_sequences', 'UNKNOWN__artificial_sequences', 'UNKNOWN__vectors', 's__Cloning_vector_pBOMB4-MCI']
271928	['UNKNOWN__root', 'UNKNOWN__other_sequences', 'UNKNOWN__artificial_sequences', 'UNKNOWN__vectors', 's__Chloroplast_transformation_vector_pCLT312']
220138	['UNKNOWN__root', 'UNKNOWN__unclassified_sequences', 'UNKNOWN__environmental_samples', 'UNKNOWN__prokaryotic_environmental_samples', 's__uncultured_gut_microbe_of_Zootermopsis_angusticollis']
1790065	['UNKNOWN__root', 'UNKNOWN__other_sequences', 'UNKNOWN__artificial_sequences', 'UNKNOWN__vectors', 's__Binary_vector_pARS3m']
2144189	['UNKNOWN__root', 'UNKNOWN__other_sequences', 'UNKNOWN__artificial_sequences', 'UNKNOWN__synthetic_organisms', 's__synthetic_bacterium_JCVI-Syn3A']
358574	['UNKNOWN__root', 'UNKNOWN__unclassified_sequences', 'UNKNOWN__environmental_samples', 's__uncultured_microorganism']
313622	['UNKNOWN__root', 'UNKNOWN__other_sequences', 'UNKNOWN__artificial_sequences', 'UNKNOWN__vectors', 's__Expression_vector_pRT108']
380357	['UNKNOWN__root', 'UNKNOWN__other_sequences', 'UNKNOWN__artificial_sequences', 'UNKNOWN__vectors', 's__Plastid_transformation_vector_pCLT323']
1775243	['UNKNOWN__root', 'UNKNOWN__other_sequences', 'UNKNOWN__artificial_sequences', 'UNKNOWN__vectors', 's__Cloning_vector_pEG']
1945444	['UNKNOWN__root', 'UNKNOWN__other_sequences', 'UNKNOWN__artificial_sequences', 'UNKNOWN__vectors', 's__Yeast_expression_vector_pAS2.1htBID']
159742	['UNKNOWN__root', 'UNKNOWN__other_sequences', 'UNKNOWN__artificial_sequences', 'UNKNOWN__vectors', 's__glnQ_allelic_exchange_vector_pAG101']
1356808	['UNKNOWN__root', 'UNKNOWN__unclassified_sequences', 'UNKNOWN__mixed_culture', 'UNKNOWN__environmental_samples', 's__methanogenic_prokaryote_enrichment_culture_B31_4_118']
1924255	['UNKNOWN__root', 'UNKNOWN__other_sequences', 'UNKNOWN__artificial_sequences', 'UNKNOWN__vectors', 's__Cloning_vector_pTZvec001_0218kan']
2079188	['UNKNOWN__root', 'UNKNOWN__other_sequences', 'UNKNOWN__artificial_sequences', 'UNKNOWN__vectors', 's__Leishmania_expression_pIR3HYG']
2081729	['UNKNOWN__root', 'UNKNOWN__other_sequences', 'UNKNOWN__artificial_sequences', 'UNKNOWN__vectors', 's__Cloning_vector_pCA-DEST1220']
1945447	['UNKNOWN__root', 'UNKNOWN__other_sequences', 'UNKNOWN__artificial_sequences', 'UNKNOWN__vectors', 's__Yeast_expression_vector_pAS2.1-MLT5']
1452360	['UNKNOWN__root', 'UNKNOWN__other_sequences', 'UNKNOWN__artificial_sequences', 'UNKNOWN__vectors', 's__Cloning_vector_pBOMB4-Tet-mCherry']
2136764	['UNKNOWN__root', 'UNKNOWN__other_sequences', 'UNKNOWN__artificial_sequences', 'UNKNOWN__vectors', 's__Expression_vector_pCPC43']
1977333	['UNKNOWN__root', 'UNKNOWN__other_sequences', 'UNKNOWN__artificial_sequences', 'UNKNOWN__vectors', 's__Cloning_vector_pWW3324']
2127038	['UNKNOWN__root', 'UNKNOWN__other_sequences', 'UNKNOWN__artificial_sequences', 'UNKNOWN__vectors', 's__Chloroplast_expression_vector_pCEV2']
455553	['UNKNOWN__root', 'UNKNOWN__unclassified_sequences', 'UNKNOWN__environmental_samples', 'UNKNOWN__prokaryotic_environmental_samples', 's__uncultured_marine_microorganism_HF4000_APKG8C21']
1882323	['UNKNOWN__root', 'UNKNOWN__other_sequences', 'UNKNOWN__artificial_sequences', 'UNKNOWN__vectors', 's__Cloning_vector_pLMF04']
1356767	['UNKNOWN__root', 'UNKNOWN__unclassified_sequences', 'UNKNOWN__mixed_culture', 'UNKNOWN__environmental_samples', 's__methanogenic_prokaryote_enrichment_culture_B31_2_43']
2081760	['UNKNOWN__root', 'UNKNOWN__other_sequences', 'UNKNOWN__artificial_sequences', 'UNKNOWN__vectors', 's__Cloning_vector_pCA-DEST2401']
2081741	['UNKNOWN__root', 'UNKNOWN__other_sequences', 'UNKNOWN__artificial_sequences', 'UNKNOWN__vectors', 's__Cloning_vector_pCA-DEST1403']
317473	['UNKNOWN__root', 'UNKNOWN__other_sequences', 'UNKNOWN__artificial_sequences', 'UNKNOWN__vectors', 's__Expression_vector_pBCGL1']
1930524	['UNKNOWN__root', 'UNKNOWN__other_sequences', 'UNKNOWN__artificial_sequences', 'UNKNOWN__vectors', 's__Cloning_vector_pLL1179']
1882324	['UNKNOWN__root', 'UNKNOWN__other_sequences', 'UNKNOWN__artificial_sequences', 'UNKNOWN__vectors', 's__Cloning_vector_pLMF05']
2045298	['UNKNOWN__root', 'UNKNOWN__other_sequences', 'UNKNOWN__artificial_sequences', 'UNKNOWN__vectors', 's__Shuttle_vector_pG108']
2588151	['UNKNOWN__root', 'UNKNOWN__other_sequences', 'UNKNOWN__artificial_sequences', 'UNKNOWN__vectors', 's__Cloning_vector_AbVec6W-hIgLambda']
1945457	['UNKNOWN__root', 'UNKNOWN__other_sequences', 'UNKNOWN__artificial_sequences', 'UNKNOWN__vectors', 's__Yeast_expression_vector_pAS2htBID']
1945454	['UNKNOWN__root', 'UNKNOWN__other_sequences', 'UNKNOWN__artificial_sequences', 'UNKNOWN__vectors', 's__Yeast_expression_vector_pAS2hBID']
2136774	['UNKNOWN__root', 'UNKNOWN__other_sequences', 'UNKNOWN__artificial_sequences', 'UNKNOWN__vectors', 's__Expression_vector_pCPC63']
1356753	['UNKNOWN__root', 'UNKNOWN__unclassified_sequences', 'UNKNOWN__mixed_culture', 'UNKNOWN__environmental_samples', 's__methanogenic_prokaryote_enrichment_culture_B31_1_27']
1527691	['UNKNOWN__root', 'UNKNOWN__other_sequences', 'UNKNOWN__artificial_sequences', 'UNKNOWN__vectors', 's__Shuttle_vector_pRES']
1209516	['UNKNOWN__root', 'UNKNOWN__other_sequences', 'UNKNOWN__artificial_sequences', 'UNKNOWN__vectors', 's__Cloning_vector_DH7-24']
651991	['UNKNOWN__root', 'UNKNOWN__other_sequences', 'UNKNOWN__artificial_sequences', 'UNKNOWN__vectors', 's__Allelic_replacement_vector_pMQ236']
1882243	['UNKNOWN__root', 'UNKNOWN__other_sequences', 'UNKNOWN__artificial_sequences', 'UNKNOWN__vectors', 's__Cloning_vector_pLMF01']
1945465	['UNKNOWN__root', 'UNKNOWN__other_sequences', 'UNKNOWN__artificial_sequences', 'UNKNOWN__vectors', 's__Yeast_expression_vector_pAS2-mRIP1-KD-ID']
46465	['UNKNOWN__root', 'UNKNOWN__unclassified_sequences', 'UNKNOWN__environmental_samples', 'UNKNOWN__unidentified_soil_organisms', 's__unidentified_soil_organism']
2204079	['UNKNOWN__root', 'UNKNOWN__other_sequences', 'UNKNOWN__artificial_sequences', 'UNKNOWN__vectors', 's__Cloning_vector_pAP151']
2081736	['UNKNOWN__root', 'UNKNOWN__other_sequences', 'UNKNOWN__artificial_sequences', 'UNKNOWN__vectors', 's__Cloning_vector_pCA-DEST1320']
2506951	['UNKNOWN__root', 'UNKNOWN__other_sequences', 'UNKNOWN__artificial_sequences', 'UNKNOWN__vectors', 's__Cloning_vector_pCPC53']
2081730	['UNKNOWN__root', 'UNKNOWN__other_sequences', 'UNKNOWN__artificial_sequences', 'UNKNOWN__vectors', 's__Cloning_vector_pCA-DEST1230']
1851816	['UNKNOWN__root', 'UNKNOWN__other_sequences', 'UNKNOWN__artificial_sequences', 'UNKNOWN__vectors', 's__Cloning_vector_pAT4-50']
2419936	['UNKNOWN__root', 'UNKNOWN__other_sequences', 'UNKNOWN__artificial_sequences', 'UNKNOWN__vectors', 's__Cloning_vector_pAMEXlox-1']
142845	['UNKNOWN__root', 'UNKNOWN__other_sequences', 'UNKNOWN__artificial_sequences', 'UNKNOWN__vectors', 's__Binary_vector_pINDEX1']
1170209	['UNKNOWN__root', 'UNKNOWN__unclassified_sequences', 'UNKNOWN__environmental_samples', 'UNKNOWN__prokaryotic_environmental_samples', 's__uncultured_organism_pCelD']
54395	['UNKNOWN__root', 'UNKNOWN__other_sequences', 'UNKNOWN__artificial_sequences', 'UNKNOWN__vectors', 's__Cloning_vector_pRNA8']
2081754	['UNKNOWN__root', 'UNKNOWN__other_sequences', 'UNKNOWN__artificial_sequences', 'UNKNOWN__vectors', 's__Cloning_vector_pCA-DEST2302']
1356802	['UNKNOWN__root', 'UNKNOWN__unclassified_sequences', 'UNKNOWN__mixed_culture', 'UNKNOWN__environmental_samples', 's__methanogenic_prokaryote_enrichment_culture_B31_3_91']
2081761	['UNKNOWN__root', 'UNKNOWN__other_sequences', 'UNKNOWN__artificial_sequences', 'UNKNOWN__vectors', 's__Cloning_vector_pCA-DEST2402']
2509809	['UNKNOWN__root', 'UNKNOWN__other_sequences', 'UNKNOWN__artificial_sequences', 'UNKNOWN__synthetic_organisms', "s__synthetic_Caulobacter_sp._'ethensis'"]
1945448	['UNKNOWN__root', 'UNKNOWN__other_sequences', 'UNKNOWN__artificial_sequences', 'UNKNOWN__vectors', 's__Yeast_expression_vector_pAS2A20']
1431315	['UNKNOWN__root', 'UNKNOWN__other_sequences', 'UNKNOWN__artificial_sequences', 'UNKNOWN__vectors', 's__Expression_vector_pUDE204']
2136782	['UNKNOWN__root', 'UNKNOWN__other_sequences', 'UNKNOWN__artificial_sequences', 'UNKNOWN__vectors', 's__Expression_vector_pCPC81']
1642505	['UNKNOWN__root', 'UNKNOWN__other_sequences', 'UNKNOWN__artificial_sequences', 'UNKNOWN__vectors', 's__Binary_vector_PC-GW-mCherry']
1457551	['UNKNOWN__root', 'UNKNOWN__unclassified_sequences', 'UNKNOWN__environmental_samples', 's__uncultured_soil_microorganism']
455547	['UNKNOWN__root', 'UNKNOWN__unclassified_sequences', 'UNKNOWN__environmental_samples', 'UNKNOWN__prokaryotic_environmental_samples', 's__uncultured_marine_microorganism_HF4000_APKG2K17']
1642503	['UNKNOWN__root', 'UNKNOWN__other_sequences', 'UNKNOWN__artificial_sequences', 'UNKNOWN__vectors', 's__Binary_vector_PC-GW-Hyg']
1356727	['UNKNOWN__root', 'UNKNOWN__unclassified_sequences', 'UNKNOWN__mixed_culture', 'UNKNOWN__environmental_samples', 's__methanogenic_prokaryote_enrichment_culture_B19_84']
1931147	['UNKNOWN__root', 'UNKNOWN__other_sequences', 'UNKNOWN__artificial_sequences', 'UNKNOWN__vectors', 's__Cloning_vector_pNOV077']
2081747	['UNKNOWN__root', 'UNKNOWN__other_sequences', 'UNKNOWN__artificial_sequences', 'UNKNOWN__vectors', 's__Cloning_vector_pCA-DEST2202']
2081748	['UNKNOWN__root', 'UNKNOWN__other_sequences', 'UNKNOWN__artificial_sequences', 'UNKNOWN__vectors', 's__Cloning_vector_pCA-DEST2203']
1945464	['UNKNOWN__root', 'UNKNOWN__other_sequences', 'UNKNOWN__artificial_sequences', 'UNKNOWN__vectors', 's__Yeast_expression_vector_pAS2-mRIP1-ID-DD']
1924262	['UNKNOWN__root', 'UNKNOWN__other_sequences', 'UNKNOWN__artificial_sequences', 'UNKNOWN__vectors', 's__Cloning_vector_pTZvec008_0218pta']
1931145	['UNKNOWN__root', 'UNKNOWN__other_sequences', 'UNKNOWN__artificial_sequences', 'UNKNOWN__vectors', 's__Cloning_vector_pNOV052']
984255	['UNKNOWN__root', 'UNKNOWN__other_sequences', 'UNKNOWN__artificial_sequences', 'UNKNOWN__vectors', 's__Expression_vector_LMP-1']
2081725	['UNKNOWN__root', 'UNKNOWN__other_sequences', 'UNKNOWN__artificial_sequences', 'UNKNOWN__vectors', 's__Cloning_vector_pCA-DEST1201']
1945471	['UNKNOWN__root', 'UNKNOWN__other_sequences', 'UNKNOWN__artificial_sequences', 'UNKNOWN__vectors', 's__Yeast_expression_vector_pEX2kanMX4']
459231	['UNKNOWN__root', 'UNKNOWN__other_sequences', 'UNKNOWN__artificial_sequences', 'UNKNOWN__vectors', 'UNKNOWN__eukaryotic_vectors', 's__FLAG-tagging_vector_pFLAG97-TSR']
2081735	['UNKNOWN__root', 'UNKNOWN__other_sequences', 'UNKNOWN__artificial_sequences', 'UNKNOWN__vectors', 's__Cloning_vector_pCA-DEST1310']
1937186	['UNKNOWN__root', 'UNKNOWN__other_sequences', 'UNKNOWN__artificial_sequences', 'UNKNOWN__vectors', 's__Cloning_vector_NZ3900/pNZ8110-napA-lysM']
395074	['UNKNOWN__root', 'UNKNOWN__other_sequences', 'UNKNOWN__artificial_sequences', 'UNKNOWN__vectors', 's__HIV-1_vector_pNL-DT5R']
2136766	['UNKNOWN__root', 'UNKNOWN__other_sequences', 'UNKNOWN__artificial_sequences', 'UNKNOWN__vectors', 's__Expression_vector_pCPC45']
1945470	['UNKNOWN__root', 'UNKNOWN__other_sequences', 'UNKNOWN__artificial_sequences', 'UNKNOWN__vectors', 's__Yeast_expression_vector_pEX2']
1790066	['UNKNOWN__root', 'UNKNOWN__other_sequences', 'UNKNOWN__artificial_sequences', 'UNKNOWN__vectors', 's__Binary_vector_pARS3m-GUSPlus']
1356770	['UNKNOWN__root', 'UNKNOWN__unclassified_sequences', 'UNKNOWN__mixed_culture', 'UNKNOWN__environmental_samples', 's__methanogenic_prokaryote_enrichment_culture_B31_2_46']
12908	['UNKNOWN__root', 'UNKNOWN__unclassified_sequences']
1977346	['UNKNOWN__root', 'UNKNOWN__other_sequences', 'UNKNOWN__artificial_sequences', 'UNKNOWN__vectors', 's__Cloning_vector_pWW3804']
2005482	['UNKNOWN__root', 'UNKNOWN__other_sequences', 'UNKNOWN__artificial_sequences', 's__synthetic_construct_(code_12)']
1704089	['UNKNOWN__root', 'UNKNOWN__other_sequences', 'UNKNOWN__artificial_sequences', 'UNKNOWN__vectors', 'UNKNOWN__eukaryotic_vectors', 's__Tetrahymena_transformation_vector_pMcoDel']
455519	['UNKNOWN__root', 'UNKNOWN__unclassified_sequences', 'UNKNOWN__environmental_samples', 'UNKNOWN__prokaryotic_environmental_samples', 's__uncultured_marine_microorganism_HF4000_093M11']
1209497	['UNKNOWN__root', 'UNKNOWN__other_sequences', 'UNKNOWN__artificial_sequences', 'UNKNOWN__vectors', 's__Cloning_vector_DH6-56']
2081737	['UNKNOWN__root', 'UNKNOWN__other_sequences', 'UNKNOWN__artificial_sequences', 'UNKNOWN__vectors', 's__Cloning_vector_pCA-DEST1330']
993052	['UNKNOWN__root', 'UNKNOWN__other_sequences', 'UNKNOWN__artificial_sequences', 'UNKNOWN__vectors', 's__Cloning_vector_pGEM/hM33_US28']
311313	['UNKNOWN__root', 'UNKNOWN__other_sequences', 'UNKNOWN__artificial_sequences', 'UNKNOWN__vectors', 's__Chloroplast_transformation_vector_pCLT327']
1945503	['UNKNOWN__root', 'UNKNOWN__other_sequences', 'UNKNOWN__artificial_sequences', 'UNKNOWN__vectors', 's__Yeast_expression_vector_pSCUDT2MFE6H']
313619	['UNKNOWN__root', 'UNKNOWN__other_sequences', 'UNKNOWN__artificial_sequences', 'UNKNOWN__vectors', 's__Expression_vector_pRT105']
1958742	['UNKNOWN__root', 'UNKNOWN__other_sequences', 'UNKNOWN__artificial_sequences', 'UNKNOWN__vectors', 'UNKNOWN__eukaryotic_vectors', 's__Human_ORFeome_Gateway_entry_vector']
313621	['UNKNOWN__root', 'UNKNOWN__other_sequences', 'UNKNOWN__artificial_sequences', 'UNKNOWN__vectors', 's__Expression_vector_pRT107']
2081763	['UNKNOWN__root', 'UNKNOWN__other_sequences', 'UNKNOWN__artificial_sequences', 'UNKNOWN__vectors', 's__Cloning_vector_pCA-DEST2410']
1356754	['UNKNOWN__root', 'UNKNOWN__unclassified_sequences', 'UNKNOWN__mixed_culture', 'UNKNOWN__environmental_samples', 's__methanogenic_prokaryote_enrichment_culture_B31_1_30']
1356780	['UNKNOWN__root', 'UNKNOWN__unclassified_sequences', 'UNKNOWN__mixed_culture', 'UNKNOWN__environmental_samples', 's__methanogenic_prokaryote_enrichment_culture_B31_2_62']
1899385	['UNKNOWN__root', 'UNKNOWN__other_sequences', 'UNKNOWN__artificial_sequences', 'UNKNOWN__vectors', 's__Cloning_vector_GAPTrapT2AIresMeo']
1945391	['UNKNOWN__root', 'UNKNOWN__other_sequences', 'UNKNOWN__artificial_sequences', 'UNKNOWN__vectors', 's__Vector_pSC2D']
2081739	['UNKNOWN__root', 'UNKNOWN__other_sequences', 'UNKNOWN__artificial_sequences', 'UNKNOWN__vectors', 's__Cloning_vector_pCA-DEST1401']
993053	['UNKNOWN__root', 'UNKNOWN__other_sequences', 'UNKNOWN__artificial_sequences', 'UNKNOWN__vectors', 's__Cloning_vector_pGEM/hM33_US28-GFP']
1945452	['UNKNOWN__root', 'UNKNOWN__other_sequences', 'UNKNOWN__artificial_sequences', 'UNKNOWN__vectors', 's__Yeast_expression_vector_pAS2hA20R562A']
2081722	['UNKNOWN__root', 'UNKNOWN__other_sequences', 'UNKNOWN__artificial_sequences', 'UNKNOWN__vectors', 's__Cloning_vector_pCA-DEST1120']
1356775	['UNKNOWN__root', 'UNKNOWN__unclassified_sequences', 'UNKNOWN__mixed_culture', 'UNKNOWN__environmental_samples', 's__methanogenic_prokaryote_enrichment_culture_B31_2_54']
1945460	['UNKNOWN__root', 'UNKNOWN__other_sequences', 'UNKNOWN__artificial_sequences', 'UNKNOWN__vectors', 's__Yeast_expression_vector_pAS2-mABIN-1(54-647)']
419254	['UNKNOWN__root', 'UNKNOWN__other_sequences', 'UNKNOWN__artificial_sequences', 'UNKNOWN__vectors', 's__Expression_vector_pBCGE2']
2081752	['UNKNOWN__root', 'UNKNOWN__other_sequences', 'UNKNOWN__artificial_sequences', 'UNKNOWN__vectors', 's__Cloning_vector_pCA-DEST2300']
1265800	['UNKNOWN__root', 'UNKNOWN__other_sequences', 'UNKNOWN__artificial_sequences', 'UNKNOWN__vectors', 's__Cloning_vector_pNHG-CapNM']
1822058	['UNKNOWN__root', 'UNKNOWN__other_sequences', 'UNKNOWN__artificial_sequences', 'UNKNOWN__synthetic_organisms', 's__synthetic_bacterium_JCVI-Syn2.0']
748102	['UNKNOWN__root', 'UNKNOWN__other_sequences', 'UNKNOWN__artificial_sequences', 'UNKNOWN__vectors', 's__Cloning_vector_pTARa']
1945463	['UNKNOWN__root', 'UNKNOWN__other_sequences', 'UNKNOWN__artificial_sequences', 'UNKNOWN__vectors', 's__Yeast_expression_vector_pAS2-mRIP1-ID']
1945462	['UNKNOWN__root', 'UNKNOWN__other_sequences', 'UNKNOWN__artificial_sequences', 'UNKNOWN__vectors', 's__Yeast_expression_vector_pAS2-mRIP1']
2663	['UNKNOWN__root', 'UNKNOWN__other_sequences', 'UNKNOWN__plasmids', 's__Plasmid_pWW0']
2136744	['UNKNOWN__root', 'UNKNOWN__other_sequences', 'UNKNOWN__artificial_sequences', 'UNKNOWN__vectors', 's__Cloning_vector_pCPC51']
2127037	['UNKNOWN__root', 'UNKNOWN__other_sequences', 'UNKNOWN__artificial_sequences', 'UNKNOWN__vectors', 's__Chloroplast_expression_vector_pCEV1']
766747	['UNKNOWN__root', 'UNKNOWN__other_sequences', 'UNKNOWN__artificial_sequences', 'UNKNOWN__synthetic_organisms', 's__synthetic_Mycoplasma_mycoides_JCVI-syn1.0']
1356679	['UNKNOWN__root', 'UNKNOWN__unclassified_sequences', 'UNKNOWN__mixed_culture', 'UNKNOWN__environmental_samples', 's__methanogenic_prokaryote_enrichment_culture_B19_149']
419256	['UNKNOWN__root', 'UNKNOWN__other_sequences', 'UNKNOWN__artificial_sequences', 'UNKNOWN__vectors', 's__Expression_vector_pBCGL2']
1356791	['UNKNOWN__root', 'UNKNOWN__unclassified_sequences', 'UNKNOWN__mixed_culture', 'UNKNOWN__environmental_samples', 's__methanogenic_prokaryote_enrichment_culture_B31_3_110']
2562133	['UNKNOWN__root', 'UNKNOWN__other_sequences', 'UNKNOWN__artificial_sequences', 'UNKNOWN__vectors', 's__Cloning_vector_pSAS31_redac']
2081733	['UNKNOWN__root', 'UNKNOWN__other_sequences', 'UNKNOWN__artificial_sequences', 'UNKNOWN__vectors', 's__Cloning_vector_pCA-DEST1302']
2081753	['UNKNOWN__root', 'UNKNOWN__other_sequences', 'UNKNOWN__artificial_sequences', 'UNKNOWN__vectors', 's__Cloning_vector_pCA-DEST2301']
488339	['UNKNOWN__root', 'UNKNOWN__other_sequences', 'UNKNOWN__artificial_sequences', 'UNKNOWN__synthetic_organisms', 's__synthetic_Mycoplasma_genitalium_JCVI-1.0']
1356720	['UNKNOWN__root', 'UNKNOWN__unclassified_sequences', 'UNKNOWN__mixed_culture', 'UNKNOWN__environmental_samples', 's__methanogenic_prokaryote_enrichment_culture_B19_75']
1209513	['UNKNOWN__root', 'UNKNOWN__other_sequences', 'UNKNOWN__artificial_sequences', 'UNKNOWN__vectors', 's__Cloning_vector_DH7-21']
2506952	['UNKNOWN__root', 'UNKNOWN__other_sequences', 'UNKNOWN__artificial_sequences', 'UNKNOWN__vectors', 's__Cloning_vector_pCPC54']
1899387	['UNKNOWN__root', 'UNKNOWN__other_sequences', 'UNKNOWN__artificial_sequences', 'UNKNOWN__vectors', 's__Cloning_vector_GAPTrapT2AIresMygro']
1356790	['UNKNOWN__root', 'UNKNOWN__unclassified_sequences', 'UNKNOWN__mixed_culture', 'UNKNOWN__environmental_samples', 's__methanogenic_prokaryote_enrichment_culture_B31_3_109']
2081738	['UNKNOWN__root', 'UNKNOWN__other_sequences', 'UNKNOWN__artificial_sequences', 'UNKNOWN__vectors', 's__Cloning_vector_pCA-DEST1400']
1945455	['UNKNOWN__root', 'UNKNOWN__other_sequences', 'UNKNOWN__artificial_sequences', 'UNKNOWN__vectors', 's__Yeast_expression_vector_pAS2-hFIP2']
2025731	['UNKNOWN__root', 'UNKNOWN__other_sequences', 'UNKNOWN__artificial_sequences', 'UNKNOWN__vectors', 's__HIV-1_vector_pMN4/LSDQgtu']
329805	['UNKNOWN__root', 'UNKNOWN__other_sequences', 'UNKNOWN__artificial_sequences', 'UNKNOWN__vectors', 's__Shuttle_vector_pCB112-Edim6']
1431316	['UNKNOWN__root', 'UNKNOWN__other_sequences', 'UNKNOWN__artificial_sequences', 'UNKNOWN__vectors', 's__Expression_vector_pUDE214']
2081742	['UNKNOWN__root', 'UNKNOWN__other_sequences', 'UNKNOWN__artificial_sequences', 'UNKNOWN__vectors', 's__Cloning_vector_pCA-DEST1410']
46449	['UNKNOWN__root', 'UNKNOWN__other_sequences', 'UNKNOWN__artificial_sequences', 'UNKNOWN__vectors', 's__Cloning_vector_pAM120']
2081749	['UNKNOWN__root', 'UNKNOWN__other_sequences', 'UNKNOWN__artificial_sequences', 'UNKNOWN__vectors', 's__Cloning_vector_pCA-DEST2210']
2081724	['UNKNOWN__root', 'UNKNOWN__other_sequences', 'UNKNOWN__artificial_sequences', 'UNKNOWN__vectors', 's__Cloning_vector_pCA-DEST1200']
1356736	['UNKNOWN__root', 'UNKNOWN__unclassified_sequences', 'UNKNOWN__mixed_culture', 'UNKNOWN__environmental_samples', 's__methanogenic_prokaryote_enrichment_culture_B31_1_1']
1931146	['UNKNOWN__root', 'UNKNOWN__other_sequences', 'UNKNOWN__artificial_sequences', 'UNKNOWN__vectors', 's__Cloning_vector_pNOV076']
2081745	['UNKNOWN__root', 'UNKNOWN__other_sequences', 'UNKNOWN__artificial_sequences', 'UNKNOWN__vectors', 's__Cloning_vector_pCA-DEST2200']
1735752	['UNKNOWN__root', 'UNKNOWN__other_sequences', 'UNKNOWN__artificial_sequences', 'UNKNOWN__vectors', 's__translation_factor_module_pTFM1']
2079186	['UNKNOWN__root', 'UNKNOWN__other_sequences', 'UNKNOWN__artificial_sequences', 'UNKNOWN__vectors', 's__Leishmania_Gateway_vector,_pIR3HYG-GW(A)']
2081750	['UNKNOWN__root', 'UNKNOWN__other_sequences', 'UNKNOWN__artificial_sequences', 'UNKNOWN__vectors', 's__Cloning_vector_pCA-DEST2220']
2081756	['UNKNOWN__root', 'UNKNOWN__other_sequences', 'UNKNOWN__artificial_sequences', 'UNKNOWN__vectors', 's__Cloning_vector_pCA-DEST2310']
1356801	['UNKNOWN__root', 'UNKNOWN__unclassified_sequences', 'UNKNOWN__mixed_culture', 'UNKNOWN__environmental_samples', 's__methanogenic_prokaryote_enrichment_culture_B31_3_90']
1439520	['UNKNOWN__root', 'UNKNOWN__other_sequences', 'UNKNOWN__artificial_sequences', 'UNKNOWN__vectors', 's__Transformation_vector_pGFPBSDZ-SW2']
1356810	['UNKNOWN__root', 'UNKNOWN__unclassified_sequences', 'UNKNOWN__mixed_culture', 'UNKNOWN__environmental_samples', 's__methanogenic_prokaryote_enrichment_culture_B31_4_124']
583343	['UNKNOWN__root', 'UNKNOWN__other_sequences', 'UNKNOWN__artificial_sequences', 'UNKNOWN__vectors', 's__Cloning_vector_AbVec-hIgKappa']
672471	['UNKNOWN__root', 'UNKNOWN__other_sequences', 'UNKNOWN__artificial_sequences', 'UNKNOWN__vectors', 's__HIV_whole-genome_vector_AA1305#18']
1977332	['UNKNOWN__root', 'UNKNOWN__other_sequences', 'UNKNOWN__artificial_sequences', 'UNKNOWN__vectors', 's__Cloning_vector_pWW3323']
1945443	['UNKNOWN__root', 'UNKNOWN__other_sequences', 'UNKNOWN__artificial_sequences', 'UNKNOWN__vectors', 's__Yeast_expression_vector_pAS2.1hBID']
2136773	['UNKNOWN__root', 'UNKNOWN__other_sequences', 'UNKNOWN__artificial_sequences', 'UNKNOWN__vectors', 's__Expression_vector_pCPC62']
2081762	['UNKNOWN__root', 'UNKNOWN__other_sequences', 'UNKNOWN__artificial_sequences', 'UNKNOWN__vectors', 's__Cloning_vector_pCA-DEST2403']
2081744	['UNKNOWN__root', 'UNKNOWN__other_sequences', 'UNKNOWN__artificial_sequences', 'UNKNOWN__vectors', 's__Cloning_vector_pCA-DEST1430']
198431	['UNKNOWN__root', 'UNKNOWN__unclassified_sequences', 'UNKNOWN__environmental_samples', 'UNKNOWN__prokaryotic_environmental_samples', 's__uncultured_prokaryote']
2136745	['UNKNOWN__root', 'UNKNOWN__other_sequences', 'UNKNOWN__artificial_sequences', 'UNKNOWN__vectors', 's__Cloning_vector_pCPC52']
455534	['UNKNOWN__root', 'UNKNOWN__unclassified_sequences', 'UNKNOWN__environmental_samples', 'UNKNOWN__prokaryotic_environmental_samples', 's__uncultured_marine_microorganism_HF4000_ANIW137P11']
2081746	['UNKNOWN__root', 'UNKNOWN__other_sequences', 'UNKNOWN__artificial_sequences', 'UNKNOWN__vectors', 's__Cloning_vector_pCA-DEST2201']
2136752	['UNKNOWN__root', 'UNKNOWN__other_sequences', 'UNKNOWN__artificial_sequences', 'UNKNOWN__vectors', 's__Expression_vector_pCPC156']
1806462	['UNKNOWN__root', 'UNKNOWN__other_sequences', 'UNKNOWN__artificial_sequences', 'UNKNOWN__synthetic_organisms', 's__synthetic_bacterium_JCVI-Syn3.0']
1452361	['UNKNOWN__root', 'UNKNOWN__other_sequences', 'UNKNOWN__artificial_sequences', 'UNKNOWN__vectors', 's__Cloning_vector_pBOMB4R']
2081727	['UNKNOWN__root', 'UNKNOWN__other_sequences', 'UNKNOWN__artificial_sequences', 'UNKNOWN__vectors', 's__Cloning_vector_pCA-DEST1203']
751900	['UNKNOWN__root', 'UNKNOWN__other_sequences', 'UNKNOWN__artificial_sequences', 'UNKNOWN__vectors', 's__Binary_vector_pZH2B-2ox3i']
2081757	['UNKNOWN__root', 'UNKNOWN__other_sequences', 'UNKNOWN__artificial_sequences', 'UNKNOWN__vectors', 's__Cloning_vector_pCA-DEST2320']
42098	['UNKNOWN__root', 'UNKNOWN__other_sequences', 'UNKNOWN__artificial_sequences', 'UNKNOWN__vectors', 's__Cloning_vector_pAS2-1']
1642504	['UNKNOWN__root', 'UNKNOWN__other_sequences', 'UNKNOWN__artificial_sequences', 'UNKNOWN__vectors', 's__Binary_vector_PC-GW-Kan']
455559	['UNKNOWN__root', 'UNKNOWN__unclassified_sequences', 'UNKNOWN__environmental_samples', 'UNKNOWN__prokaryotic_environmental_samples', 's__uncultured_marine_microorganism_HF4000_APKG10H11']
415540	['UNKNOWN__root', 'UNKNOWN__unclassified_sequences', 'UNKNOWN__environmental_samples', 's__uncultured_marine_microorganism']
329806	['UNKNOWN__root', 'UNKNOWN__other_sequences', 'UNKNOWN__artificial_sequences', 'UNKNOWN__vectors', 's__Shuttle_vector_pCB119-Edim6']
2081719	['UNKNOWN__root', 'UNKNOWN__other_sequences', 'UNKNOWN__artificial_sequences', 'UNKNOWN__vectors', 's__Cloning_vector_pCA-DEST1102']
1969575	['UNKNOWN__root', 'UNKNOWN__other_sequences', 'UNKNOWN__artificial_sequences', 'UNKNOWN__eukaryotic_synthetic_constructs', 's__Saccharomyces_cerevisiae_synthetic_construct']
1452358	['UNKNOWN__root', 'UNKNOWN__other_sequences', 'UNKNOWN__artificial_sequences', 'UNKNOWN__vectors', 's__Cloning_vector_pBOMB4']
2136765	['UNKNOWN__root', 'UNKNOWN__other_sequences', 'UNKNOWN__artificial_sequences', 'UNKNOWN__vectors', 's__Expression_vector_pCPC44']
554258	['UNKNOWN__root', 'UNKNOWN__other_sequences', 'UNKNOWN__artificial_sequences', 'UNKNOWN__vectors', 's__Cloning_vector_pchiIGKC']
339959	['UNKNOWN__root', 'UNKNOWN__other_sequences', 'UNKNOWN__artificial_sequences', 'UNKNOWN__vectors', 's__Cloning_vector_pMAB136']
2081732	['UNKNOWN__root', 'UNKNOWN__other_sequences', 'UNKNOWN__artificial_sequences', 'UNKNOWN__vectors', 's__Cloning_vector_pCA-DEST1301']
1356702	['UNKNOWN__root', 'UNKNOWN__unclassified_sequences', 'UNKNOWN__mixed_culture', 'UNKNOWN__environmental_samples', 's__methanogenic_prokaryote_enrichment_culture_B19_52']
1945504	['UNKNOWN__root', 'UNKNOWN__other_sequences', 'UNKNOWN__artificial_sequences', 'UNKNOWN__vectors', 's__Yeast_expression_vector_pSCUDT2MFE6L']
1356807	['UNKNOWN__root', 'UNKNOWN__unclassified_sequences', 'UNKNOWN__mixed_culture', 'UNKNOWN__environmental_samples', 's__methanogenic_prokaryote_enrichment_culture_B31_3_99']
81726	['UNKNOWN__root', 'UNKNOWN__unclassified_sequences', 'UNKNOWN__environmental_samples', 's__unidentified_microorganism']
1356794	['UNKNOWN__root', 'UNKNOWN__unclassified_sequences', 'UNKNOWN__mixed_culture', 'UNKNOWN__environmental_samples', 's__methanogenic_prokaryote_enrichment_culture_B31_3_113']
111789	['UNKNOWN__root', 'UNKNOWN__other_sequences', 'UNKNOWN__artificial_sequences', 'UNKNOWN__eukaryotic_synthetic_constructs', 's__eukaryotic_synthetic_construct']
32630	['UNKNOWN__root', 'UNKNOWN__other_sequences', 'UNKNOWN__artificial_sequences', 's__synthetic_construct']
1356787	['UNKNOWN__root', 'UNKNOWN__unclassified_sequences', 'UNKNOWN__mixed_culture', 'UNKNOWN__environmental_samples', 's__methanogenic_prokaryote_enrichment_culture_B31_3_102']
1977371	['UNKNOWN__root', 'UNKNOWN__other_sequences', 'UNKNOWN__artificial_sequences', 'UNKNOWN__vectors', 's__Cloning_vector_pWW3867']
142846	['UNKNOWN__root', 'UNKNOWN__other_sequences', 'UNKNOWN__artificial_sequences', 'UNKNOWN__vectors', 's__Binary_vector_pINDEX2']
1945446	['UNKNOWN__root', 'UNKNOWN__other_sequences', 'UNKNOWN__artificial_sequences', 'UNKNOWN__vectors', 's__Yeast_expression_vector_pAS2.1-MLT3b']
2081751	['UNKNOWN__root', 'UNKNOWN__other_sequences', 'UNKNOWN__artificial_sequences', 'UNKNOWN__vectors', 's__Cloning_vector_pCA-DEST2230']
1903528	['UNKNOWN__root', 'UNKNOWN__other_sequences', 'UNKNOWN__artificial_sequences', 'UNKNOWN__vectors', 'UNKNOWN__eukaryotic_vectors', 's__Cloning_vector_AbVec1.1-IGKC']
1618184	['UNKNOWN__root', 'UNKNOWN__other_sequences', 'UNKNOWN__artificial_sequences', 'UNKNOWN__vectors', 's__Cloning_vector_pVAHS01it']
1288312	['UNKNOWN__root', 'UNKNOWN__other_sequences', 'UNKNOWN__artificial_sequences', 'UNKNOWN__vectors', 's__Cloning_vector_pMU2051']
1945459	['UNKNOWN__root', 'UNKNOWN__other_sequences', 'UNKNOWN__artificial_sequences', 'UNKNOWN__vectors', 's__Yeast_expression_vector_pAS2-mABIN-1(388-647)']
1924263	['UNKNOWN__root', 'UNKNOWN__other_sequences', 'UNKNOWN__artificial_sequences', 'UNKNOWN__vectors', 's__Cloning_vector_pTZvec009_0218del']
1356800	['UNKNOWN__root', 'UNKNOWN__unclassified_sequences', 'UNKNOWN__mixed_culture', 'UNKNOWN__environmental_samples', 's__methanogenic_prokaryote_enrichment_culture_B31_3_89']
1356743	['UNKNOWN__root', 'UNKNOWN__unclassified_sequences', 'UNKNOWN__mixed_culture', 'UNKNOWN__environmental_samples', 's__methanogenic_prokaryote_enrichment_culture_B31_1_18']
1356812	['UNKNOWN__root', 'UNKNOWN__unclassified_sequences', 'UNKNOWN__mixed_culture', 'UNKNOWN__environmental_samples', 's__methanogenic_prokaryote_enrichment_culture_B31_4_128']
1945451	['UNKNOWN__root', 'UNKNOWN__other_sequences', 'UNKNOWN__artificial_sequences', 'UNKNOWN__vectors', 's__Yeast_expression_vector_pAS2-AVPS-hOMI-S306A']
46655	['UNKNOWN__root', 'UNKNOWN__other_sequences', 'UNKNOWN__artificial_sequences', 'UNKNOWN__vectors', 's__Cloning_vector_pZEO-SG1']
1945435	['UNKNOWN__root', 'UNKNOWN__other_sequences', 'UNKNOWN__artificial_sequences', 'UNKNOWN__vectors', 's__Vector_pUDT2-GAL1-MFHIL6']
1945502	['UNKNOWN__root', 'UNKNOWN__other_sequences', 'UNKNOWN__artificial_sequences', 'UNKNOWN__vectors', 's__Yeast_expression_vector_pSCUDMFE6L2']
1209510	['UNKNOWN__root', 'UNKNOWN__other_sequences', 'UNKNOWN__artificial_sequences', 'UNKNOWN__vectors', 's__Cloning_vector_DH7-18']
1882322	['UNKNOWN__root', 'UNKNOWN__other_sequences', 'UNKNOWN__artificial_sequences', 'UNKNOWN__vectors', 's__Cloning_vector_pLMF03']
1945461	['UNKNOWN__root', 'UNKNOWN__other_sequences', 'UNKNOWN__artificial_sequences', 'UNKNOWN__vectors', 's__Yeast_expression_vector_pAS2-mABIN-2']
1642501	['UNKNOWN__root', 'UNKNOWN__other_sequences', 'UNKNOWN__artificial_sequences', 'UNKNOWN__vectors', 's__Binary_vector_PC-GW-Bar']
2081728	['UNKNOWN__root', 'UNKNOWN__other_sequences', 'UNKNOWN__artificial_sequences', 'UNKNOWN__vectors', 's__Cloning_vector_pCA-DEST1210']
2081731	['UNKNOWN__root', 'UNKNOWN__other_sequences', 'UNKNOWN__artificial_sequences', 'UNKNOWN__vectors', 's__Cloning_vector_pCA-DEST1300']
2138194	['UNKNOWN__root', 'UNKNOWN__other_sequences', 'UNKNOWN__artificial_sequences', 'UNKNOWN__vectors', 's__Cloning_vector_pm!st1-gg']
1175996	['UNKNOWN__root', 'UNKNOWN__other_sequences', 'UNKNOWN__artificial_sequences', 'UNKNOWN__vectors', 's__Bacteroides_fragilis_shuttle_vector_pFD1146']
1452362	['UNKNOWN__root', 'UNKNOWN__other_sequences', 'UNKNOWN__artificial_sequences', 'UNKNOWN__vectors', 's__Cloning_vector_pBOMB4R-MCI']
2081759	['UNKNOWN__root', 'UNKNOWN__other_sequences', 'UNKNOWN__artificial_sequences', 'UNKNOWN__vectors', 's__Cloning_vector_pCA-DEST2400']
1265608	['UNKNOWN__root', 'UNKNOWN__other_sequences', 'UNKNOWN__artificial_sequences', 'UNKNOWN__vectors', 's__Shuttle_vector_pKV12']
1937188	['UNKNOWN__root', 'UNKNOWN__other_sequences', 'UNKNOWN__artificial_sequences', 'UNKNOWN__vectors', 's__Cloning_vector_NZ3900/pNZ8149-SP-lpp20']
2127040	['UNKNOWN__root', 'UNKNOWN__other_sequences', 'UNKNOWN__artificial_sequences', 'UNKNOWN__vectors', 's__Chloroplast_expression_vector_pCEV4']
147080	['UNKNOWN__root', 'UNKNOWN__cellular_organisms', 'sk__Bacteria', 'p__Proteobacteria', 'c__Betaproteobacteria', 'UNKNOWN__environmental_samples', 's__uncultured_synthetic_wastewater_bacterium_tmbr15-22']
455517	['UNKNOWN__root', 'UNKNOWN__unclassified_sequences', 'UNKNOWN__environmental_samples', 'UNKNOWN__prokaryotic_environmental_samples', 's__uncultured_marine_microorganism_HF4000_010I05']
1294005	['UNKNOWN__root', 'UNKNOWN__other_sequences', 'UNKNOWN__artificial_sequences', 'UNKNOWN__vectors', 's__Expression_vector_pFUSE-LIGHT']
455551	['UNKNOWN__root', 'UNKNOWN__unclassified_sequences', 'UNKNOWN__environmental_samples', 'UNKNOWN__prokaryotic_environmental_samples', 's__uncultured_marine_microorganism_HF4000_APKG7H23']
1642502	['UNKNOWN__root', 'UNKNOWN__other_sequences', 'UNKNOWN__artificial_sequences', 'UNKNOWN__vectors', 's__Binary_vector_PC-GW-EGFP']
374899	['UNKNOWN__root', 'UNKNOWN__other_sequences', 'UNKNOWN__artificial_sequences', 'UNKNOWN__vectors', 's__Shuttle_vector_pMLH3']
2136781	['UNKNOWN__root', 'UNKNOWN__other_sequences', 'UNKNOWN__artificial_sequences', 'UNKNOWN__vectors', 's__Expression_vector_pCPC80']
2081743	['UNKNOWN__root', 'UNKNOWN__other_sequences', 'UNKNOWN__artificial_sequences', 'UNKNOWN__vectors', 's__Cloning_vector_pCA-DEST1420']
1945434	['UNKNOWN__root', 'UNKNOWN__other_sequences', 'UNKNOWN__artificial_sequences', 'UNKNOWN__vectors', 's__Vector_pUDT2']
1053474	['UNKNOWN__root', 'UNKNOWN__other_sequences', 'UNKNOWN__artificial_sequences', 'UNKNOWN__vectors', 's__Protein_trap_vector_Mi[Hto-WP]']
552539	['UNKNOWN__root', 'UNKNOWN__other_sequences', 'UNKNOWN__artificial_sequences', 'UNKNOWN__vectors', 's__Cloning_vector_pRAK426']
1565075	['UNKNOWN__root', 'UNKNOWN__other_sequences', 'UNKNOWN__artificial_sequences', 'UNKNOWN__vectors', 's__Cloning_vector_pECGMC3']
2003190	['UNKNOWN__root', 'UNKNOWN__other_sequences', 'UNKNOWN__artificial_sequences', 'UNKNOWN__vectors', 's__Targeting_vector_p4.5_HPRT-2A-GFP-2A-Puro']
2081723	['UNKNOWN__root', 'UNKNOWN__other_sequences', 'UNKNOWN__artificial_sequences', 'UNKNOWN__vectors', 's__Cloning_vector_pCA-DEST1130']
2081720	['UNKNOWN__root', 'UNKNOWN__other_sequences', 'UNKNOWN__artificial_sequences', 'UNKNOWN__vectors', 's__Cloning_vector_pCA-DEST1103']
1945458	['UNKNOWN__root', 'UNKNOWN__other_sequences', 'UNKNOWN__artificial_sequences', 'UNKNOWN__vectors', 's__Yeast_expression_vector_pAS2-mABIN-1']
993051	['UNKNOWN__root', 'UNKNOWN__other_sequences', 'UNKNOWN__artificial_sequences', 'UNKNOWN__vectors', 's__Cloning_vector_pGEM/hM33_UL33-GFP']
1945395	['UNKNOWN__root', 'UNKNOWN__other_sequences', 'UNKNOWN__artificial_sequences', 'UNKNOWN__vectors', 's__Vector_pSOD2']
1945445	['UNKNOWN__root', 'UNKNOWN__other_sequences', 'UNKNOWN__artificial_sequences', 'UNKNOWN__vectors', 's__Yeast_expression_vector_pAS2.1-MLT3a']
2136763	['UNKNOWN__root', 'UNKNOWN__other_sequences', 'UNKNOWN__artificial_sequences', 'UNKNOWN__vectors', 's__Expression_vector_pCPC42']
2079185	['UNKNOWN__root', 'UNKNOWN__other_sequences', 'UNKNOWN__artificial_sequences', 'UNKNOWN__vectors', 's__Leishmania_vector_pIR3HYG-GW_(a)-GFP+_(b)']
2081765	['UNKNOWN__root', 'UNKNOWN__other_sequences', 'UNKNOWN__artificial_sequences', 'UNKNOWN__vectors', 's__Cloning_vector_pCA-DEST2430']
1945453	['UNKNOWN__root', 'UNKNOWN__other_sequences', 'UNKNOWN__artificial_sequences', 'UNKNOWN__vectors', 's__Yeast_expression_vector_pAS2hA20S565A']
1899386	['UNKNOWN__root', 'UNKNOWN__other_sequences', 'UNKNOWN__artificial_sequences', 'UNKNOWN__vectors', 's__Cloning_vector_GAPTrapT2AIresMuro']
2081721	['UNKNOWN__root', 'UNKNOWN__other_sequences', 'UNKNOWN__artificial_sequences', 'UNKNOWN__vectors', 's__Cloning_vector_pCA-DEST1110']
1356644	['UNKNOWN__root', 'UNKNOWN__unclassified_sequences', 'UNKNOWN__mixed_culture', 'UNKNOWN__environmental_samples', 's__methanogenic_prokaryote_enrichment_culture_B19_104']
2081726	['UNKNOWN__root', 'UNKNOWN__other_sequences', 'UNKNOWN__artificial_sequences', 'UNKNOWN__vectors', 's__Cloning_vector_pCA-DEST1202']
1431310	['UNKNOWN__root', 'UNKNOWN__other_sequences', 'UNKNOWN__artificial_sequences', 'UNKNOWN__vectors', 's__Expression_vector_pUDE150']
1945449	['UNKNOWN__root', 'UNKNOWN__other_sequences', 'UNKNOWN__artificial_sequences', 'UNKNOWN__vectors', 's__Yeast_expression_vector_pAS2A20ZF-']
2136778	['UNKNOWN__root', 'UNKNOWN__other_sequences', 'UNKNOWN__artificial_sequences', 'UNKNOWN__vectors', 's__Expression_vector_pCPC77']
2079187	['UNKNOWN__root', 'UNKNOWN__other_sequences', 'UNKNOWN__artificial_sequences', 'UNKNOWN__vectors', 's__Leishmania_expression_vector,_pIR3HYG-GFP+']
313620	['UNKNOWN__root', 'UNKNOWN__other_sequences', 'UNKNOWN__artificial_sequences', 'UNKNOWN__vectors', 's__Expression_vector_pRT106']
2580236	['UNKNOWN__root', 'UNKNOWN__other_sequences', 'UNKNOWN__artificial_sequences', 'UNKNOWN__synthetic_organisms', 's__synthetic_Escherichia_coli_Syn61']
1385755	['UNKNOWN__root', 'UNKNOWN__cellular_organisms', 'sk__Bacteria', 'p__Proteobacteria', 'c__Gammaproteobacteria', 'o__Enterobacterales', 'f__Enterobacteriaceae', 'g__Escherichia', 's__Escherichia_coli', 'UNKNOWN__Escherichia_coli_K-12', 'UNKNOWN__Escherichia_coli_str._K-12_substr._MG1655', 'UNKNOWN__synthetic_Escherichia_coli_C321.deltaA']
419255	['UNKNOWN__root', 'UNKNOWN__other_sequences', 'UNKNOWN__artificial_sequences', 'UNKNOWN__vectors', 's__Expression_vector_pBCGE7']
1209515	['UNKNOWN__root', 'UNKNOWN__other_sequences', 'UNKNOWN__artificial_sequences', 'UNKNOWN__vectors', 's__Cloning_vector_DH7-23']
2081740	['UNKNOWN__root', 'UNKNOWN__other_sequences', 'UNKNOWN__artificial_sequences', 'UNKNOWN__vectors', 's__Cloning_vector_pCA-DEST1402']
160803	['UNKNOWN__root', 'UNKNOWN__other_sequences', 'UNKNOWN__artificial_sequences', 'UNKNOWN__vectors', 's__Cloning_vector_pJAP8']
2136783	['UNKNOWN__root', 'UNKNOWN__other_sequences', 'UNKNOWN__artificial_sequences', 'UNKNOWN__vectors', 's__Expression_vector_pCPC82']
1356709	['UNKNOWN__root', 'UNKNOWN__unclassified_sequences', 'UNKNOWN__mixed_culture', 'UNKNOWN__environmental_samples', 's__methanogenic_prokaryote_enrichment_culture_B19_61']
2081758	['UNKNOWN__root', 'UNKNOWN__other_sequences', 'UNKNOWN__artificial_sequences', 'UNKNOWN__vectors', 's__Cloning_vector_pCA-DEST2330']
319836	['UNKNOWN__root', 'UNKNOWN__other_sequences', 'UNKNOWN__artificial_sequences', 'UNKNOWN__vectors', 's__Cloning_vector_p119L1e']
941421	['UNKNOWN__root', 'UNKNOWN__unclassified_sequences', 'UNKNOWN__environmental_samples', 'UNKNOWN__prokaryotic_environmental_samples', 's__uncultured_organism_CA878']
797387	['UNKNOWN__root', 'UNKNOWN__other_sequences', 'UNKNOWN__artificial_sequences', 'UNKNOWN__vectors', 's__Allelic_replacement_vector_pMQ310']
1790064	['UNKNOWN__root', 'UNKNOWN__other_sequences', 'UNKNOWN__artificial_sequences', 'UNKNOWN__vectors', 's__Binary_vector_pARS2']
2136780	['UNKNOWN__root', 'UNKNOWN__other_sequences', 'UNKNOWN__artificial_sequences', 'UNKNOWN__vectors', 's__Expression_vector_pCPC79']
1209511	['UNKNOWN__root', 'UNKNOWN__other_sequences', 'UNKNOWN__artificial_sequences', 'UNKNOWN__vectors', 's__Cloning_vector_DH7-19']
426112	['UNKNOWN__root', 'UNKNOWN__other_sequences', 'UNKNOWN__artificial_sequences', 'UNKNOWN__vectors', 's__Cloning_vector_pLS205']
1539159	['UNKNOWN__root', 'UNKNOWN__other_sequences', 'UNKNOWN__artificial_sequences', 'UNKNOWN__vectors', 's__BAC_cloning_vector_GPN13BACdenovo_preserved(MM)']
159744	['UNKNOWN__root', 'UNKNOWN__other_sequences', 'UNKNOWN__artificial_sequences', 'UNKNOWN__vectors', 's__glnQ_expression_vector_pAG200']
2034834	['UNKNOWN__root', 'UNKNOWN__other_sequences', 'UNKNOWN__artificial_sequences', 'UNKNOWN__synthetic_viruses', 's__synthetic_human_betaherpesvirus_5']
1209512	['UNKNOWN__root', 'UNKNOWN__other_sequences', 'UNKNOWN__artificial_sequences', 'UNKNOWN__vectors', 's__Cloning_vector_DH7-20']
1248023	['UNKNOWN__root', 'UNKNOWN__other_sequences', 'UNKNOWN__artificial_sequences', 'UNKNOWN__vectors', 's__Cloning_vector_pNHG']
345408	['UNKNOWN__root', 'UNKNOWN__other_sequences', 'UNKNOWN__artificial_sequences', 'UNKNOWN__vectors', 's__Shuttle_vector_pCB112-HPV11-L1']
2081718	['UNKNOWN__root', 'UNKNOWN__other_sequences', 'UNKNOWN__artificial_sequences', 'UNKNOWN__vectors', 's__Cloning_vector_pCA-DEST1101']
1945456	['UNKNOWN__root', 'UNKNOWN__other_sequences', 'UNKNOWN__artificial_sequences', 'UNKNOWN__vectors', 's__Yeast_expression_vector_pAS2-hOMI-S306A']
2081734	['UNKNOWN__root', 'UNKNOWN__other_sequences', 'UNKNOWN__artificial_sequences', 'UNKNOWN__vectors', 's__Cloning_vector_pCA-DEST1303']
2136772	['UNKNOWN__root', 'UNKNOWN__other_sequences', 'UNKNOWN__artificial_sequences', 'UNKNOWN__vectors', 's__Expression_vector_pCPC61']
2127039	['UNKNOWN__root', 'UNKNOWN__other_sequences', 'UNKNOWN__artificial_sequences', 'UNKNOWN__vectors', 's__Chloroplast_expression_vector_pCEV3']
2136753	['UNKNOWN__root', 'UNKNOWN__other_sequences', 'UNKNOWN__artificial_sequences', 'UNKNOWN__vectors', 's__Expression_vector_pCPC157']
272702	['UNKNOWN__root', 'UNKNOWN__other_sequences', 'UNKNOWN__artificial_sequences', 'UNKNOWN__vectors', 's__rpL23-fusion_expression_vector_pyEF1A']
56961	['UNKNOWN__root', 'UNKNOWN__other_sequences', 'UNKNOWN__artificial_sequences', 'UNKNOWN__vectors', 's__Shuttle_vector_pMDS20']
2136767	['UNKNOWN__root', 'UNKNOWN__other_sequences', 'UNKNOWN__artificial_sequences', 'UNKNOWN__vectors', 's__Expression_vector_pCPC46']
1937185	['UNKNOWN__root', 'UNKNOWN__other_sequences', 'UNKNOWN__artificial_sequences', 'UNKNOWN__vectors', 's__Cloning_vector_NZ3900/pNZ8110-napA']
32644	['UNKNOWN__root', 'UNKNOWN__unclassified_sequences', 's__unidentified']
360281	['UNKNOWN__root', 'UNKNOWN__unclassified_sequences', 'UNKNOWN__environmental_samples', 's__uncultured_marine_organism']
2081717	['UNKNOWN__root', 'UNKNOWN__other_sequences', 'UNKNOWN__artificial_sequences', 'UNKNOWN__vectors', 's__Cloning_vector_pCA-DEST1100']
202036	['UNKNOWN__root', 'UNKNOWN__other_sequences', 'UNKNOWN__artificial_sequences', 'UNKNOWN__vectors', 'UNKNOWN__eukaryotic_vectors', 's__Expression_vector_pCMH285']
1945433	['UNKNOWN__root', 'UNKNOWN__other_sequences', 'UNKNOWN__artificial_sequences', 'UNKNOWN__vectors', 's__Vector_pUD2']
155900	['UNKNOWN__root', 'UNKNOWN__unclassified_sequences', 'UNKNOWN__environmental_samples', 's__uncultured_organism']
2081755	['UNKNOWN__root', 'UNKNOWN__other_sequences', 'UNKNOWN__artificial_sequences', 'UNKNOWN__vectors', 's__Cloning_vector_pCA-DEST2303']
2081764	['UNKNOWN__root', 'UNKNOWN__other_sequences', 'UNKNOWN__artificial_sequences', 'UNKNOWN__vectors', 's__Cloning_vector_pCA-DEST2420']
1209514	['UNKNOWN__root', 'UNKNOWN__other_sequences', 'UNKNOWN__artificial_sequences', 'UNKNOWN__vectors', 's__Cloning_vector_DH7-22']
2136768	['UNKNOWN__root', 'UNKNOWN__other_sequences', 'UNKNOWN__artificial_sequences', 'UNKNOWN__vectors', 's__Expression_vector_pCPC47']
1945450	['UNKNOWN__root', 'UNKNOWN__other_sequences', 'UNKNOWN__artificial_sequences', 'UNKNOWN__vectors', 's__Yeast_expression_vector_pAS2A20ZF+']
